<?xml version="1.0" encoding="UTF-8"?>
<beans xmlns="http://www.springframework.org/schema/beans"
       xmlns:xsi="http://www.w3.org/2001/XMLSchema-instance"
       xmlns:context="http://www.springframework.org/schema/context"
       xmlns:mvc="http://www.springframework.org/schema/mvc"
       xsi:schemaLocation="http://www.springframework.org/schema/beans
       http://www.springframework.org/schema/beans/spring-beans-4.2.xsd
    http://www.springframework.org/schema/mvc
    http://www.springframework.org/schema/mvc/spring-mvc-4.2.xsd
    http://www.springframework.org/schema/context
    http://www.springframework.org/schema/context/spring-context-4.2.xsd">

    <!-- 自动扫描包 -->
    <context:component-scan base-package="org.example.controller"></context:component-scan>
    <context:component-scan base-package="org.example.user"></context:component-scan>
    <context:component-scan base-package="org.example.dao" />


    <bean class="org.springframework.web.servlet.view.InternalResourceViewResolver">
        <property name="prefix" value="/WEB-INF/templates/"></property>
        <property name="suffix" value=".jsp"></property>
    </bean>
    <!--开启MVC的注解驱动-->
    <mvc:annotation-driven />

</beans>